{
  "Total" : {
    "transaction" : "Total",
    "sampleCount" : 12000,
    "errorCount" : 496,
    "errorPct" : 4.133333,
    "meanResTime" : 33.580749999999995,
    "medianResTime" : 13.0,
    "minResTime" : 0.0,
    "maxResTime" : 1431.0,
    "pct1ResTime" : 38.899999999999636,
    "pct2ResTime" : 117.0,
    "pct3ResTime" : 536.9499999999989,
    "throughput" : 119.76884612697495,
    "receivedKBytesPerSec" : 22.65482111711896,
    "sentKBytesPerSec" : 29.943702794232134
  },
  "User Registration - SSO" : {
    "transaction" : "User Registration - SSO",
    "sampleCount" : 6000,
    "errorCount" : 193,
    "errorPct" : 3.2166667,
    "meanResTime" : 44.612000000000116,
    "medianResTime" : 17.0,
    "minResTime" : 5.0,
    "maxResTime" : 1431.0,
    "pct1ResTime" : 63.0,
    "pct2ResTime" : 144.0,
    "pct3ResTime" : 863.909999999998,
    "throughput" : 59.93407252022775,
    "receivedKBytesPerSec" : 8.20147642280991,
    "sentKBytesPerSec" : 14.16410698231945
  },
  "User Registration - Local" : {
    "transaction" : "User Registration - Local",
    "sampleCount" : 6000,
    "errorCount" : 303,
    "errorPct" : 5.05,
    "meanResTime" : 22.54949999999999,
    "medianResTime" : 8.0,
    "minResTime" : 0.0,
    "maxResTime" : 884.0,
    "pct1ResTime" : 29.0,
    "pct2ResTime" : 76.94999999999982,
    "pct3ResTime" : 374.9899999999998,
    "throughput" : 60.16545500125345,
    "receivedKBytesPerSec" : 14.52799887189772,
    "sentKBytesPerSec" : 15.86543659125094
  }
}