{
  "Total" : {
    "transaction" : "Total",
    "sampleCount" : 100,
    "errorCount" : 0,
    "errorPct" : 0.0,
    "meanResTime" : 371.03000000000003,
    "medianResTime" : 278.0,
    "minResTime" : 227.0,
    "maxResTime" : 1500.0,
    "pct1ResTime" : 724.5000000000001,
    "pct2ResTime" : 974.3499999999992,
    "pct3ResTime" : 1497.5899999999988,
    "throughput" : 1.6521279407877345,
    "receivedKBytesPerSec" : 0.4005280872075734,
    "sentKBytesPerSec" : 0.26621202170896113
  },
  "weather" : {
    "transaction" : "weather",
    "sampleCount" : 100,
    "errorCount" : 0,
    "errorPct" : 0.0,
    "meanResTime" : 371.03000000000003,
    "medianResTime" : 278.0,
    "minResTime" : 227.0,
    "maxResTime" : 1500.0,
    "pct1ResTime" : 724.5000000000001,
    "pct2ResTime" : 974.3499999999992,
    "pct3ResTime" : 1497.5899999999988,
    "throughput" : 1.6521279407877345,
    "receivedKBytesPerSec" : 0.4005280872075734,
    "sentKBytesPerSec" : 0.26621202170896113
  }
}