{
  "Total" : {
    "transaction" : "Total",
    "sampleCount" : 14000,
    "errorCount" : 0,
    "errorPct" : 0.0,
    "meanResTime" : 24.589357142857228,
    "medianResTime" : 19.0,
    "minResTime" : 6.0,
    "maxResTime" : 305.0,
    "pct1ResTime" : 37.0,
    "pct2ResTime" : 66.0,
    "pct3ResTime" : 178.0,
    "throughput" : 93.28420365274289,
    "receivedKBytesPerSec" : 14.848950386129971,
    "sentKBytesPerSec" : 23.730991261269065
  },
  "User Registration - SSO" : {
    "transaction" : "User Registration - SSO",
    "sampleCount" : 7000,
    "errorCount" : 0,
    "errorPct" : 0.0,
    "meanResTime" : 30.066999999999975,
    "medianResTime" : 23.0,
    "minResTime" : 7.0,
    "maxResTime" : 305.0,
    "pct1ResTime" : 44.900000000000546,
    "pct2ResTime" : 84.0,
    "pct3ResTime" : 218.0,
    "throughput" : 46.67320091479474,
    "receivedKBytesPerSec" : 6.3355223898012385,
    "sentKBytesPerSec" : 11.030190059941724
  },
  "User Registration - Local" : {
    "transaction" : "User Registration - Local",
    "sampleCount" : 7000,
    "errorCount" : 0,
    "errorPct" : 0.0,
    "meanResTime" : 19.111714285714324,
    "medianResTime" : 13.0,
    "minResTime" : 6.0,
    "maxResTime" : 194.0,
    "pct1ResTime" : 31.0,
    "pct2ResTime" : 51.0,
    "pct3ResTime" : 119.0,
    "throughput" : 46.68845461215234,
    "receivedKBytesPerSec" : 8.526114269992663,
    "sentKBytesPerSec" : 12.720780114053225
  }
}