{
  "Total" : {
    "transaction" : "Total",
    "sampleCount" : 1000,
    "errorCount" : 395,
    "errorPct" : 39.5,
    "meanResTime" : 50531.63900000007,
    "medianResTime" : 32498.0,
    "minResTime" : 2.0,
    "maxResTime" : 118768.0,
    "pct1ResTime" : 98853.3,
    "pct2ResTime" : 107682.65,
    "pct3ResTime" : 116602.3,
    "throughput" : 5.608399138549892,
    "receivedKBytesPerSec" : 6.357158762212289,
    "sentKBytesPerSec" : 0.5467367617243584
  },
  "weather" : {
    "transaction" : "weather",
    "sampleCount" : 1000,
    "errorCount" : 395,
    "errorPct" : 39.5,
    "meanResTime" : 50531.63900000007,
    "medianResTime" : 32498.0,
    "minResTime" : 2.0,
    "maxResTime" : 118768.0,
    "pct1ResTime" : 98853.3,
    "pct2ResTime" : 107682.65,
    "pct3ResTime" : 116602.3,
    "throughput" : 5.608399138549892,
    "receivedKBytesPerSec" : 6.357158762212289,
    "sentKBytesPerSec" : 0.5467367617243584
  }
}