{
  "Total" : {
    "transaction" : "Total",
    "sampleCount" : 10000,
    "errorCount" : 1431,
    "errorPct" : 14.31,
    "meanResTime" : 6660.652699999985,
    "medianResTime" : 1477.5,
    "minResTime" : 1.0,
    "maxResTime" : 26676.0,
    "pct1ResTime" : 25905.0,
    "pct2ResTime" : 25917.0,
    "pct3ResTime" : 26141.0,
    "throughput" : 218.11677972386414,
    "receivedKBytesPerSec" : 108.16566599913844,
    "sentKBytesPerSec" : 48.06403465602984
  },
  "User Registration - SSO" : {
    "transaction" : "User Registration - SSO",
    "sampleCount" : 5000,
    "errorCount" : 1371,
    "errorPct" : 27.42,
    "meanResTime" : 12012.710000000006,
    "medianResTime" : 9392.0,
    "minResTime" : 104.0,
    "maxResTime" : 26676.0,
    "pct1ResTime" : 25916.0,
    "pct2ResTime" : 26038.0,
    "pct3ResTime" : 26169.0,
    "throughput" : 113.44299489506524,
    "receivedKBytesPerSec" : 88.66274638400454,
    "sentKBytesPerSec" : 19.458531267725466
  },
  "User Registration - Local" : {
    "transaction" : "User Registration - Local",
    "sampleCount" : 5000,
    "errorCount" : 60,
    "errorPct" : 1.2,
    "meanResTime" : 1308.5954000000079,
    "medianResTime" : 522.5,
    "minResTime" : 1.0,
    "maxResTime" : 25947.0,
    "pct1ResTime" : 3020.7000000000016,
    "pct2ResTime" : 5240.0,
    "pct3ResTime" : 14127.899999999998,
    "throughput" : 111.33377866844802,
    "receivedKBytesPerSec" : 23.408166158706305,
    "sentKBytesPerSec" : 29.970096442885772
  }
}