{
  "Total" : {
    "transaction" : "Total",
    "sampleCount" : 20,
    "errorCount" : 0,
    "errorPct" : 0.0,
    "meanResTime" : 40163.00000000001,
    "medianResTime" : 40624.0,
    "minResTime" : 7824.0,
    "maxResTime" : 72031.0,
    "pct1ResTime" : 65990.6,
    "pct2ResTime" : 71729.79999999999,
    "pct3ResTime" : 72031.0,
    "throughput" : 0.24517916467458598,
    "receivedKBytesPerSec" : 0.056865284775599774,
    "sentKBytesPerSec" : 0.0420204525394432
  },
  "Data Forecasting" : {
    "transaction" : "Data Forecasting",
    "sampleCount" : 10,
    "errorCount" : 0,
    "errorPct" : 0.0,
    "meanResTime" : 41719.0,
    "medianResTime" : 43638.0,
    "minResTime" : 7824.0,
    "maxResTime" : 72031.0,
    "pct1ResTime" : 71412.2,
    "pct2ResTime" : 72031.0,
    "pct3ResTime" : 72031.0,
    "throughput" : 0.13728908963604664,
    "receivedKBytesPerSec" : 0.030434202487678304,
    "sentKBytesPerSec" : 0.025071347423770235
  },
  "Weather Forecasting" : {
    "transaction" : "Weather Forecasting",
    "sampleCount" : 10,
    "errorCount" : 0,
    "errorPct" : 0.0,
    "meanResTime" : 38607.0,
    "medianResTime" : 37566.0,
    "minResTime" : 8729.0,
    "maxResTime" : 66007.0,
    "pct1ResTime" : 65907.8,
    "pct2ResTime" : 66007.0,
    "pct3ResTime" : 66007.0,
    "throughput" : 0.13561712573063725,
    "receivedKBytesPerSec" : 0.032844772637888715,
    "sentKBytesPerSec" : 0.021719930292797375
  }
}