{
  "Total" : {
    "transaction" : "Total",
    "sampleCount" : 6000,
    "errorCount" : 314,
    "errorPct" : 5.233333,
    "meanResTime" : 6509.686666666668,
    "medianResTime" : 4493.0,
    "minResTime" : 10.0,
    "maxResTime" : 40286.0,
    "pct1ResTime" : 17307.700000000008,
    "pct2ResTime" : 25012.6,
    "pct3ResTime" : 25911.0,
    "throughput" : 50.66754490411167,
    "receivedKBytesPerSec" : 24.614126731668904,
    "sentKBytesPerSec" : 7.924506281719994
  },
  "Plot and download" : {
    "transaction" : "Plot and download",
    "sampleCount" : 6000,
    "errorCount" : 314,
    "errorPct" : 5.233333,
    "meanResTime" : 6509.686666666668,
    "medianResTime" : 4493.0,
    "minResTime" : 10.0,
    "maxResTime" : 40286.0,
    "pct1ResTime" : 17307.700000000008,
    "pct2ResTime" : 25012.6,
    "pct3ResTime" : 25911.0,
    "throughput" : 50.66754490411167,
    "receivedKBytesPerSec" : 24.614126731668904,
    "sentKBytesPerSec" : 7.924506281719994
  }
}