{
  "weather-1" : {
    "transaction" : "weather-1",
    "sampleCount" : 1129,
    "errorCount" : 6,
    "errorPct" : 0.5314438,
    "meanResTime" : 26798.219663418957,
    "medianResTime" : 29219.0,
    "minResTime" : 338.0,
    "maxResTime" : 147936.0,
    "pct1ResTime" : 32912.0,
    "pct2ResTime" : 33322.0,
    "pct3ResTime" : 33959.3,
    "throughput" : 6.933909828464037,
    "receivedKBytesPerSec" : 2.837203061376464,
    "sentKBytesPerSec" : 1.1584905464829907
  },
  "Total" : {
    "transaction" : "Total",
    "sampleCount" : 5258,
    "errorCount" : 1883,
    "errorPct" : 35.812096,
    "meanResTime" : 27527.057055914844,
    "medianResTime" : 25908.0,
    "minResTime" : 9.0,
    "maxResTime" : 152265.0,
    "pct1ResTime" : 49250.60000000001,
    "pct2ResTime" : 53878.1,
    "pct3ResTime" : 65121.729999999996,
    "throughput" : 32.28282158491586,
    "receivedKBytesPerSec" : 38.336624097072566,
    "sentKBytesPerSec" : 4.631376421352834
  },
  "weather" : {
    "transaction" : "weather",
    "sampleCount" : 3000,
    "errorCount" : 1877,
    "errorPct" : 62.566666,
    "meanResTime" : 31971.48800000004,
    "medianResTime" : 25908.0,
    "minResTime" : 9.0,
    "maxResTime" : 152265.0,
    "pct1ResTime" : 53088.8,
    "pct2ResTime" : 58320.399999999994,
    "pct3ResTime" : 66451.00999999998,
    "throughput" : 18.419259177395887,
    "receivedKBytesPerSec" : 33.46949674746582,
    "sentKBytesPerSec" : 2.315688210676417
  },
  "weather-0" : {
    "transaction" : "weather-0",
    "sampleCount" : 1129,
    "errorCount" : 0,
    "errorPct" : 0.0,
    "meanResTime" : 16446.06908768821,
    "medianResTime" : 18088.0,
    "minResTime" : 10.0,
    "maxResTime" : 64684.0,
    "pct1ResTime" : 30571.0,
    "pct2ResTime" : 35690.5,
    "pct3ResTime" : 38520.8,
    "throughput" : 8.31724889864596,
    "receivedKBytesPerSec" : 2.436694013275184,
    "sentKBytesPerSec" : 1.3889155875668548
  }
}