{
  "weather-1" : {
    "transaction" : "weather-1",
    "sampleCount" : 854,
    "errorCount" : 1,
    "errorPct" : 0.11709602,
    "meanResTime" : 22407.654566744714,
    "medianResTime" : 25448.5,
    "minResTime" : 337.0,
    "maxResTime" : 52285.0,
    "pct1ResTime" : 29488.5,
    "pct2ResTime" : 30017.5,
    "pct3ResTime" : 31404.8,
    "throughput" : 7.012242686000969,
    "receivedKBytesPerSec" : 3.621597350805094,
    "sentKBytesPerSec" : 1.177837638664225
  },
  "Total" : {
    "transaction" : "Total",
    "sampleCount" : 2708,
    "errorCount" : 148,
    "errorPct" : 5.465288,
    "meanResTime" : 22029.69276218609,
    "medianResTime" : 21390.5,
    "minResTime" : 5.0,
    "maxResTime" : 103688.0,
    "pct1ResTime" : 45492.6,
    "pct2ResTime" : 48455.5,
    "pct3ResTime" : 64824.129999999976,
    "throughput" : 22.22696455833347,
    "receivedKBytesPerSec" : 14.35223208422936,
    "sentKBytesPerSec" : 4.695842550109165
  },
  "weather" : {
    "transaction" : "weather",
    "sampleCount" : 1000,
    "errorCount" : 147,
    "errorPct" : 14.7,
    "meanResTime" : 31311.95099999998,
    "medianResTime" : 28616.0,
    "minResTime" : 5.0,
    "maxResTime" : 103688.0,
    "pct1ResTime" : 52160.7,
    "pct2ResTime" : 62605.45,
    "pct3ResTime" : 65765.99,
    "throughput" : 8.20788942331369,
    "receivedKBytesPerSec" : 8.678456380710639,
    "sentKBytesPerSec" : 2.3479212750545826
  },
  "weather-0" : {
    "transaction" : "weather-0",
    "sampleCount" : 854,
    "errorCount" : 0,
    "errorPct" : 0.0,
    "meanResTime" : 10782.576112412176,
    "medianResTime" : 8580.0,
    "minResTime" : 7.0,
    "maxResTime" : 65061.0,
    "pct1ResTime" : 28877.0,
    "pct2ResTime" : 33269.5,
    "pct3ResTime" : 36764.0,
    "throughput" : 9.375857715320855,
    "receivedKBytesPerSec" : 2.7468333150354067,
    "sentKBytesPerSec" : 1.5656949895701817
  }
}