{
  "Total" : {
    "transaction" : "Total",
    "sampleCount" : 1000,
    "errorCount" : 0,
    "errorPct" : 0.0,
    "meanResTime" : 634.645,
    "medianResTime" : 533.0,
    "minResTime" : 277.0,
    "maxResTime" : 5388.0,
    "pct1ResTime" : 984.3999999999999,
    "pct2ResTime" : 1280.9499999999998,
    "pct3ResTime" : 2134.5300000000007,
    "throughput" : 2.4963864805693756,
    "receivedKBytesPerSec" : 0.936144930213516,
    "sentKBytesPerSec" : 0.41200128439084427
  },
  "Plot and download" : {
    "transaction" : "Plot and download",
    "sampleCount" : 1000,
    "errorCount" : 0,
    "errorPct" : 0.0,
    "meanResTime" : 634.645,
    "medianResTime" : 533.0,
    "minResTime" : 277.0,
    "maxResTime" : 5388.0,
    "pct1ResTime" : 984.3999999999999,
    "pct2ResTime" : 1280.9499999999998,
    "pct3ResTime" : 2134.5300000000007,
    "throughput" : 2.4963864805693756,
    "receivedKBytesPerSec" : 0.936144930213516,
    "sentKBytesPerSec" : 0.41200128439084427
  }
}