{
  "Total" : {
    "transaction" : "Total",
    "sampleCount" : 10000,
    "errorCount" : 0,
    "errorPct" : 0.0,
    "meanResTime" : 31.209400000000123,
    "medianResTime" : 23.0,
    "minResTime" : 7.0,
    "maxResTime" : 601.0,
    "pct1ResTime" : 39.0,
    "pct2ResTime" : 84.0,
    "pct3ResTime" : 272.0,
    "throughput" : 66.7414170537669,
    "receivedKBytesPerSec" : 10.623877909925785,
    "sentKBytesPerSec" : 16.978651506353785
  },
  "User Registration - SSO" : {
    "transaction" : "User Registration - SSO",
    "sampleCount" : 5000,
    "errorCount" : 0,
    "errorPct" : 0.0,
    "meanResTime" : 38.22439999999993,
    "medianResTime" : 30.0,
    "minResTime" : 8.0,
    "maxResTime" : 601.0,
    "pct1ResTime" : 42.0,
    "pct2ResTime" : 114.0,
    "pct3ResTime" : 340.0,
    "throughput" : 33.384077130571804,
    "receivedKBytesPerSec" : 4.53162765737254,
    "sentKBytesPerSec" : 7.889596353123415
  },
  "User Registration - Local" : {
    "transaction" : "User Registration - Local",
    "sampleCount" : 5000,
    "errorCount" : 0,
    "errorPct" : 0.0,
    "meanResTime" : 24.19439999999999,
    "medianResTime" : 14.0,
    "minResTime" : 7.0,
    "maxResTime" : 445.0,
    "pct1ResTime" : 35.0,
    "pct2ResTime" : 66.0,
    "pct3ResTime" : 180.0,
    "throughput" : 33.39834878563604,
    "receivedKBytesPerSec" : 6.099112522376894,
    "sentKBytesPerSec" : 9.099745421086382
  }
}