{
  "Total" : {
    "transaction" : "Total",
    "sampleCount" : 2,
    "errorCount" : 0,
    "errorPct" : 0.0,
    "meanResTime" : 4135.5,
    "medianResTime" : 4135.5,
    "minResTime" : 540.0,
    "maxResTime" : 7731.0,
    "pct1ResTime" : 7731.0,
    "pct2ResTime" : 7731.0,
    "pct3ResTime" : 7731.0,
    "throughput" : 0.2416918429003021,
    "receivedKBytesPerSec" : 0.05605645770392749,
    "sentKBytesPerSec" : 0.04142277190332326
  },
  "Data Forecasting" : {
    "transaction" : "Data Forecasting",
    "sampleCount" : 1,
    "errorCount" : 0,
    "errorPct" : 0.0,
    "meanResTime" : 7731.0,
    "medianResTime" : 7731.0,
    "minResTime" : 7731.0,
    "maxResTime" : 7731.0,
    "pct1ResTime" : 7731.0,
    "pct2ResTime" : 7731.0,
    "pct3ResTime" : 7731.0,
    "throughput" : 0.1293493726555426,
    "receivedKBytesPerSec" : 0.028674128508601734,
    "sentKBytesPerSec" : 0.0236214186392446
  },
  "Weather Forecasting" : {
    "transaction" : "Weather Forecasting",
    "sampleCount" : 1,
    "errorCount" : 0,
    "errorPct" : 0.0,
    "meanResTime" : 540.0,
    "medianResTime" : 540.0,
    "minResTime" : 540.0,
    "maxResTime" : 540.0,
    "pct1ResTime" : 540.0,
    "pct2ResTime" : 540.0,
    "pct3ResTime" : 540.0,
    "throughput" : 1.8518518518518519,
    "receivedKBytesPerSec" : 0.44849537037037035,
    "sentKBytesPerSec" : 0.29658564814814814
  }
}