{
  "User History [Get]" : {
    "transaction" : "User History [Get]",
    "sampleCount" : 100,
    "errorCount" : 0,
    "errorPct" : 0.0,
    "meanResTime" : 46.69000000000001,
    "medianResTime" : 40.5,
    "minResTime" : 19.0,
    "maxResTime" : 108.0,
    "pct1ResTime" : 71.9,
    "pct2ResTime" : 97.0999999999998,
    "pct3ResTime" : 108.0,
    "throughput" : 9.587727708533079,
    "receivedKBytesPerSec" : 1215.0266096895973,
    "sentKBytesPerSec" : 1.5917126078619368
  },
  "Total" : {
    "transaction" : "Total",
    "sampleCount" : 600,
    "errorCount" : 36,
    "errorPct" : 6.0,
    "meanResTime" : 169.65166666666667,
    "medianResTime" : 80.5,
    "minResTime" : 2.0,
    "maxResTime" : 1131.0,
    "pct1ResTime" : 453.69999999999993,
    "pct2ResTime" : 535.9499999999999,
    "pct3ResTime" : 816.7400000000002,
    "throughput" : 53.24813631522897,
    "receivedKBytesPerSec" : 1134.337750571308,
    "sentKBytesPerSec" : 13.424701033901313
  },
  "User History Log" : {
    "transaction" : "User History Log",
    "sampleCount" : 100,
    "errorCount" : 16,
    "errorPct" : 16.0,
    "meanResTime" : 427.3400000000001,
    "medianResTime" : 399.5,
    "minResTime" : 203.0,
    "maxResTime" : 1131.0,
    "pct1ResTime" : 687.0000000000001,
    "pct2ResTime" : 823.6499999999999,
    "pct3ResTime" : 1130.4799999999998,
    "throughput" : 9.334453467749464,
    "receivedKBytesPerSec" : 2.451387916549986,
    "sentKBytesPerSec" : 3.1540243162512835
  },
  "User Registration - SSO" : {
    "transaction" : "User Registration - SSO",
    "sampleCount" : 100,
    "errorCount" : 0,
    "errorPct" : 0.0,
    "meanResTime" : 5.890000000000001,
    "medianResTime" : 4.0,
    "minResTime" : 2.0,
    "maxResTime" : 44.0,
    "pct1ResTime" : 7.0,
    "pct2ResTime" : 22.0,
    "pct3ResTime" : 43.989999999999995,
    "throughput" : 9.613535858488751,
    "receivedKBytesPerSec" : 1.7462086617958086,
    "sentKBytesPerSec" : 2.262560685445107
  },
  "User Registration - Local" : {
    "transaction" : "User Registration - Local",
    "sampleCount" : 100,
    "errorCount" : 0,
    "errorPct" : 0.0,
    "meanResTime" : 4.700000000000002,
    "medianResTime" : 4.0,
    "minResTime" : 2.0,
    "maxResTime" : 43.0,
    "pct1ResTime" : 6.0,
    "pct2ResTime" : 11.0,
    "pct3ResTime" : 42.77999999999989,
    "throughput" : 9.654373431164316,
    "receivedKBytesPerSec" : 2.214283343792238,
    "sentKBytesPerSec" : 2.62101153697625
  },
  "User Session Log" : {
    "transaction" : "User Session Log",
    "sampleCount" : 100,
    "errorCount" : 20,
    "errorPct" : 20.0,
    "meanResTime" : 410.72,
    "medianResTime" : 379.0,
    "minResTime" : 194.0,
    "maxResTime" : 791.0,
    "pct1ResTime" : 620.9,
    "pct2ResTime" : 696.3999999999994,
    "pct3ResTime" : 790.3599999999997,
    "throughput" : 9.338812103100485,
    "receivedKBytesPerSec" : 1.8695864073589838,
    "sentKBytesPerSec" : 2.3347030257751213
  },
  "User Authentication" : {
    "transaction" : "User Authentication",
    "sampleCount" : 100,
    "errorCount" : 0,
    "errorPct" : 0.0,
    "meanResTime" : 122.57000000000001,
    "medianResTime" : 120.5,
    "minResTime" : 71.0,
    "maxResTime" : 186.0,
    "pct1ResTime" : 153.9,
    "pct2ResTime" : 172.95,
    "pct3ResTime" : 185.99,
    "throughput" : 9.658103148541626,
    "receivedKBytesPerSec" : 2.087055727255167,
    "sentKBytesPerSec" : 2.4333892698474022
  }
}