{
  "User History [Get]" : {
    "transaction" : "User History [Get]",
    "sampleCount" : 10,
    "errorCount" : 0,
    "errorPct" : 0.0,
    "meanResTime" : 41.4,
    "medianResTime" : 43.5,
    "minResTime" : 26.0,
    "maxResTime" : 48.0,
    "pct1ResTime" : 48.0,
    "pct2ResTime" : 48.0,
    "pct3ResTime" : 48.0,
    "throughput" : 9.99000999000999,
    "receivedKBytesPerSec" : 1304.0748314185817,
    "sentKBytesPerSec" : 1.6584977522477524
  },
  "Total" : {
    "transaction" : "Total",
    "sampleCount" : 60,
    "errorCount" : 3,
    "errorPct" : 5.0,
    "meanResTime" : 147.08333333333334,
    "medianResTime" : 66.0,
    "minResTime" : 4.0,
    "maxResTime" : 763.0,
    "pct1ResTime" : 391.09999999999997,
    "pct2ResTime" : 587.6999999999996,
    "pct3ResTime" : 763.0,
    "throughput" : 36.74219228413962,
    "receivedKBytesPerSec" : 806.0527738441518,
    "sentKBytesPerSec" : 9.263290339865279
  },
  "User History Log" : {
    "transaction" : "User History Log",
    "sampleCount" : 10,
    "errorCount" : 1,
    "errorPct" : 10.0,
    "meanResTime" : 419.79999999999995,
    "medianResTime" : 374.0,
    "minResTime" : 170.0,
    "maxResTime" : 763.0,
    "pct1ResTime" : 753.0,
    "pct2ResTime" : 763.0,
    "pct3ResTime" : 763.0,
    "throughput" : 8.865248226950355,
    "receivedKBytesPerSec" : 2.334919381648936,
    "sentKBytesPerSec" : 2.9954842641843973
  },
  "User Registration - SSO" : {
    "transaction" : "User Registration - SSO",
    "sampleCount" : 10,
    "errorCount" : 0,
    "errorPct" : 0.0,
    "meanResTime" : 16.499999999999996,
    "medianResTime" : 7.0,
    "minResTime" : 5.0,
    "maxResTime" : 45.0,
    "pct1ResTime" : 45.0,
    "pct2ResTime" : 45.0,
    "pct3ResTime" : 45.0,
    "throughput" : 12.72264631043257,
    "receivedKBytesPerSec" : 2.310949427480916,
    "sentKBytesPerSec" : 2.9942946882951653
  },
  "User Registration - Local" : {
    "transaction" : "User Registration - Local",
    "sampleCount" : 10,
    "errorCount" : 0,
    "errorPct" : 0.0,
    "meanResTime" : 5.8,
    "medianResTime" : 4.0,
    "minResTime" : 4.0,
    "maxResTime" : 15.0,
    "pct1ResTime" : 14.300000000000002,
    "pct2ResTime" : 15.0,
    "pct3ResTime" : 15.0,
    "throughput" : 13.495276653171391,
    "receivedKBytesPerSec" : 3.0970605600539813,
    "sentKBytesPerSec" : 3.6637567476383266
  },
  "User Session Log" : {
    "transaction" : "User Session Log",
    "sampleCount" : 10,
    "errorCount" : 2,
    "errorPct" : 20.0,
    "meanResTime" : 299.4,
    "medianResTime" : 300.5,
    "minResTime" : 201.0,
    "maxResTime" : 393.0,
    "pct1ResTime" : 392.0,
    "pct2ResTime" : 393.0,
    "pct3ResTime" : 393.0,
    "throughput" : 7.782101167315175,
    "receivedKBytesPerSec" : 1.5579401750972763,
    "sentKBytesPerSec" : 1.945525291828794
  },
  "User Authentication" : {
    "transaction" : "User Authentication",
    "sampleCount" : 10,
    "errorCount" : 0,
    "errorPct" : 0.0,
    "meanResTime" : 99.60000000000001,
    "medianResTime" : 96.5,
    "minResTime" : 84.0,
    "maxResTime" : 122.0,
    "pct1ResTime" : 121.7,
    "pct2ResTime" : 122.0,
    "pct3ResTime" : 122.0,
    "throughput" : 10.15228426395939,
    "receivedKBytesPerSec" : 2.1910691624365484,
    "sentKBytesPerSec" : 2.5578997461928936
  }
}