{
  "User History [Get]" : {
    "transaction" : "User History [Get]",
    "sampleCount" : 50,
    "errorCount" : 0,
    "errorPct" : 0.0,
    "meanResTime" : 50.599999999999994,
    "medianResTime" : 51.0,
    "minResTime" : 18.0,
    "maxResTime" : 145.0,
    "pct1ResTime" : 82.19999999999999,
    "pct2ResTime" : 110.1499999999998,
    "pct3ResTime" : 145.0,
    "throughput" : 9.754194303550527,
    "receivedKBytesPerSec" : 1262.3161944010924,
    "sentKBytesPerSec" : 1.6193486636753802
  },
  "Total" : {
    "transaction" : "Total",
    "sampleCount" : 300,
    "errorCount" : 17,
    "errorPct" : 5.6666665,
    "meanResTime" : 155.52666666666656,
    "medianResTime" : 85.5,
    "minResTime" : 2.0,
    "maxResTime" : 757.0,
    "pct1ResTime" : 430.90000000000003,
    "pct2ResTime" : 501.84999999999997,
    "pct3ResTime" : 612.4700000000005,
    "throughput" : 51.37866072957698,
    "receivedKBytesPerSec" : 1117.5332021215104,
    "sentKBytesPerSec" : 12.953376541359821
  },
  "User History Log" : {
    "transaction" : "User History Log",
    "sampleCount" : 50,
    "errorCount" : 5,
    "errorPct" : 10.0,
    "meanResTime" : 401.9199999999999,
    "medianResTime" : 394.5,
    "minResTime" : 167.0,
    "maxResTime" : 757.0,
    "pct1ResTime" : 527.5,
    "pct2ResTime" : 604.5499999999996,
    "pct3ResTime" : 757.0,
    "throughput" : 9.493070058857034,
    "receivedKBytesPerSec" : 2.500274409056389,
    "sentKBytesPerSec" : 3.20761937535599
  },
  "User Registration - SSO" : {
    "transaction" : "User Registration - SSO",
    "sampleCount" : 50,
    "errorCount" : 0,
    "errorPct" : 0.0,
    "meanResTime" : 6.56,
    "medianResTime" : 4.0,
    "minResTime" : 3.0,
    "maxResTime" : 47.0,
    "pct1ResTime" : 8.899999999999999,
    "pct2ResTime" : 27.199999999999932,
    "pct3ResTime" : 47.0,
    "throughput" : 10.427528675703858,
    "receivedKBytesPerSec" : 1.8940628258602712,
    "sentKBytesPerSec" : 2.4541351668404587
  },
  "User Registration - Local" : {
    "transaction" : "User Registration - Local",
    "sampleCount" : 50,
    "errorCount" : 0,
    "errorPct" : 0.0,
    "meanResTime" : 4.479999999999999,
    "medianResTime" : 4.0,
    "minResTime" : 2.0,
    "maxResTime" : 10.0,
    "pct1ResTime" : 6.899999999999999,
    "pct2ResTime" : 8.449999999999996,
    "pct3ResTime" : 10.0,
    "throughput" : 10.526315789473683,
    "receivedKBytesPerSec" : 2.4157072368421053,
    "sentKBytesPerSec" : 2.8577302631578947
  },
  "User Session Log" : {
    "transaction" : "User Session Log",
    "sampleCount" : 50,
    "errorCount" : 12,
    "errorPct" : 24.0,
    "meanResTime" : 352.15999999999997,
    "medianResTime" : 355.5,
    "minResTime" : 170.0,
    "maxResTime" : 613.0,
    "pct1ResTime" : 493.6,
    "pct2ResTime" : 502.9,
    "pct3ResTime" : 613.0,
    "throughput" : 9.107468123861567,
    "receivedKBytesPerSec" : 1.8446180555555556,
    "sentKBytesPerSec" : 2.2768670309653913
  },
  "User Authentication" : {
    "transaction" : "User Authentication",
    "sampleCount" : 50,
    "errorCount" : 0,
    "errorPct" : 0.0,
    "meanResTime" : 117.44000000000003,
    "medianResTime" : 113.5,
    "minResTime" : 82.0,
    "maxResTime" : 174.0,
    "pct1ResTime" : 150.6,
    "pct2ResTime" : 165.45,
    "pct3ResTime" : 174.0,
    "throughput" : 9.617234083477591,
    "receivedKBytesPerSec" : 2.075594465281785,
    "sentKBytesPerSec" : 2.4230921811886903
  }
}