{
  "User History [Get]" : {
    "transaction" : "User History [Get]",
    "sampleCount" : 1000,
    "errorCount" : 0,
    "errorPct" : 0.0,
    "meanResTime" : 1033.8069999999993,
    "medianResTime" : 1025.5,
    "minResTime" : 9.0,
    "maxResTime" : 3178.0,
    "pct1ResTime" : 1422.0,
    "pct2ResTime" : 1673.85,
    "pct3ResTime" : 2310.6900000000005,
    "throughput" : 14.309427050540895,
    "receivedKBytesPerSec" : 125.95117165141521,
    "sentKBytesPerSec" : 2.3755884751874534
  },
  "Total" : {
    "transaction" : "Total",
    "sampleCount" : 6000,
    "errorCount" : 1016,
    "errorPct" : 16.933332,
    "meanResTime" : 1138.1755000000014,
    "medianResTime" : 1122.5,
    "minResTime" : 3.0,
    "maxResTime" : 4199.0,
    "pct1ResTime" : 1652.0,
    "pct2ResTime" : 1819.0,
    "pct3ResTime" : 2459.9699999999993,
    "throughput" : 84.62981508385404,
    "receivedKBytesPerSec" : 140.5361552234227,
    "sentKBytesPerSec" : 21.33652076251463
  },
  "User History Log" : {
    "transaction" : "User History Log",
    "sampleCount" : 1000,
    "errorCount" : 500,
    "errorPct" : 50.0,
    "meanResTime" : 1303.0809999999985,
    "medianResTime" : 1279.5,
    "minResTime" : 198.0,
    "maxResTime" : 3207.0,
    "pct1ResTime" : 1814.6,
    "pct2ResTime" : 2095.7,
    "pct3ResTime" : 2500.94,
    "throughput" : 14.254151521630675,
    "receivedKBytesPerSec" : 4.510130470030647,
    "sentKBytesPerSec" : 4.81634416648849
  },
  "User Registration - SSO" : {
    "transaction" : "User Registration - SSO",
    "sampleCount" : 1000,
    "errorCount" : 0,
    "errorPct" : 0.0,
    "meanResTime" : 1002.9160000000003,
    "medianResTime" : 996.0,
    "minResTime" : 3.0,
    "maxResTime" : 2772.0,
    "pct1ResTime" : 1409.0,
    "pct2ResTime" : 1638.6499999999996,
    "pct3ResTime" : 2193.95,
    "throughput" : 14.360388304899764,
    "receivedKBytesPerSec" : 2.608429906944684,
    "sentKBytesPerSec" : 3.379739825664886
  },
  "User Registration - Local" : {
    "transaction" : "User Registration - Local",
    "sampleCount" : 1000,
    "errorCount" : 0,
    "errorPct" : 0.0,
    "meanResTime" : 937.4089999999998,
    "medianResTime" : 943.5,
    "minResTime" : 4.0,
    "maxResTime" : 3263.0,
    "pct1ResTime" : 1429.6,
    "pct2ResTime" : 1656.0,
    "pct3ResTime" : 2454.5400000000004,
    "throughput" : 14.333835017558949,
    "receivedKBytesPerSec" : 3.2889152422418118,
    "sentKBytesPerSec" : 3.891412241095105
  },
  "User Session Log" : {
    "transaction" : "User Session Log",
    "sampleCount" : 1000,
    "errorCount" : 516,
    "errorPct" : 51.6,
    "meanResTime" : 1377.6219999999998,
    "medianResTime" : 1393.0,
    "minResTime" : 227.0,
    "maxResTime" : 4199.0,
    "pct1ResTime" : 1766.9,
    "pct2ResTime" : 1986.9499999999998,
    "pct3ResTime" : 2635.99,
    "throughput" : 14.44919662466767,
    "receivedKBytesPerSec" : 3.153269063005722,
    "sentKBytesPerSec" : 3.6122991561669173
  },
  "User Authentication" : {
    "transaction" : "User Authentication",
    "sampleCount" : 1000,
    "errorCount" : 0,
    "errorPct" : 0.0,
    "meanResTime" : 1174.2179999999983,
    "medianResTime" : 1193.0,
    "minResTime" : 81.0,
    "maxResTime" : 2604.0,
    "pct1ResTime" : 1629.9,
    "pct2ResTime" : 1823.85,
    "pct3ResTime" : 2302.5300000000007,
    "throughput" : 14.6181733130628,
    "receivedKBytesPerSec" : 3.1558980217956965,
    "sentKBytesPerSec" : 3.6830944480177754
  }
}