{
  "Total" : {
    "transaction" : "Total",
    "sampleCount" : 20,
    "errorCount" : 20,
    "errorPct" : 100.0,
    "meanResTime" : 22579.9,
    "medianResTime" : 22374.5,
    "minResTime" : 8.0,
    "maxResTime" : 45470.0,
    "pct1ResTime" : 45461.3,
    "pct2ResTime" : 45470.0,
    "pct3ResTime" : 45470.0,
    "throughput" : 0.43939626952567173,
    "receivedKBytesPerSec" : 0.4859533937869367,
    "sentKBytesPerSec" : 0.040120655469385064
  },
  "Data Forecasting" : {
    "transaction" : "Data Forecasting",
    "sampleCount" : 10,
    "errorCount" : 10,
    "errorPct" : 100.0,
    "meanResTime" : 45133.00000000001,
    "medianResTime" : 45148.0,
    "minResTime" : 44710.0,
    "maxResTime" : 45470.0,
    "pct1ResTime" : 45470.0,
    "pct2ResTime" : 45470.0,
    "pct3ResTime" : 45470.0,
    "throughput" : 0.21974158389733672,
    "receivedKBytesPerSec" : 0.037338901951305264,
    "sentKBytesPerSec" : 0.04012859002812692
  },
  "Weather Forecasting" : {
    "transaction" : "Weather Forecasting",
    "sampleCount" : 10,
    "errorCount" : 10,
    "errorPct" : 100.0,
    "meanResTime" : 26.800000000000004,
    "medianResTime" : 26.5,
    "minResTime" : 8.0,
    "maxResTime" : 39.0,
    "pct1ResTime" : 39.0,
    "pct2ResTime" : 39.0,
    "pct3ResTime" : 39.0,
    "throughput" : 227.27272727272725,
    "receivedKBytesPerSec" : 464.0891335227273,
    "sentKBytesPerSec" : 0.0
  }
}