{
  "weather-1" : {
    "transaction" : "weather-1",
    "sampleCount" : 1873,
    "errorCount" : 1,
    "errorPct" : 0.053390283,
    "meanResTime" : 8001.901227976506,
    "medianResTime" : 8918.0,
    "minResTime" : 322.0,
    "maxResTime" : 73362.0,
    "pct1ResTime" : 11459.6,
    "pct2ResTime" : 12217.6,
    "pct3ResTime" : 13018.9,
    "throughput" : 14.819679394869684,
    "receivedKBytesPerSec" : 6.664007917708449,
    "sentKBytesPerSec" : 2.4892430233570173
  },
  "Total" : {
    "transaction" : "Total",
    "sampleCount" : 5746,
    "errorCount" : 129,
    "errorPct" : 2.24504,
    "meanResTime" : 9972.714410024357,
    "medianResTime" : 9109.5,
    "minResTime" : 5.0,
    "maxResTime" : 73427.0,
    "pct1ResTime" : 19843.500000000004,
    "pct2ResTime" : 24846.299999999992,
    "pct3ResTime" : 32513.949999999997,
    "throughput" : 45.44376077569162,
    "receivedKBytesPerSec" : 24.52343360740498,
    "sentKBytesPerSec" : 9.923630374994069
  },
  "weather" : {
    "transaction" : "weather",
    "sampleCount" : 2000,
    "errorCount" : 128,
    "errorPct" : 6.4,
    "meanResTime" : 14794.948499999988,
    "medianResTime" : 16000.0,
    "minResTime" : 17.0,
    "maxResTime" : 73427.0,
    "pct1ResTime" : 25907.0,
    "pct2ResTime" : 28059.149999999998,
    "pct3ResTime" : 38855.590000000004,
    "throughput" : 15.817528985621866,
    "receivedKBytesPerSec" : 13.522597070198195,
    "sentKBytesPerSec" : 4.961815187497034
  },
  "weather-0" : {
    "transaction" : "weather-0",
    "sampleCount" : 1873,
    "errorCount" : 0,
    "errorPct" : 0.0,
    "meanResTime" : 6794.318739989321,
    "medianResTime" : 7524.0,
    "minResTime" : 5.0,
    "maxResTime" : 35987.0,
    "pct1ResTime" : 15350.60000000001,
    "pct2ResTime" : 19634.399999999998,
    "pct3ResTime" : 29402.27999999999,
    "throughput" : 15.969782749565159,
    "receivedKBytesPerSec" : 4.678647289911667,
    "sentKBytesPerSec" : 2.6668289552496502
  }
}