{
  "User History [Get]" : {
    "transaction" : "User History [Get]",
    "sampleCount" : 10,
    "errorCount" : 0,
    "errorPct" : 0.0,
    "meanResTime" : 40.400000000000006,
    "medianResTime" : 26.5,
    "minResTime" : 23.0,
    "maxResTime" : 72.0,
    "pct1ResTime" : 71.9,
    "pct2ResTime" : 72.0,
    "pct3ResTime" : 72.0,
    "throughput" : 9.881422924901186,
    "receivedKBytesPerSec" : 1295.4188410943675,
    "sentKBytesPerSec" : 1.6404706027667983
  },
  "Data Retrieval" : {
    "transaction" : "Data Retrieval",
    "sampleCount" : 10,
    "errorCount" : 0,
    "errorPct" : 0.0,
    "meanResTime" : 39341.4,
    "medianResTime" : 38239.5,
    "minResTime" : 7923.0,
    "maxResTime" : 71949.0,
    "pct1ResTime" : 71116.7,
    "pct2ResTime" : 71949.0,
    "pct3ResTime" : 71949.0,
    "throughput" : 0.13696753869332967,
    "receivedKBytesPerSec" : 0.03036292117518148,
    "sentKBytesPerSec" : 0.029292862279139843
  },
  "Total" : {
    "transaction" : "Total",
    "sampleCount" : 70,
    "errorCount" : 3,
    "errorPct" : 4.285714,
    "meanResTime" : 5757.5142857142855,
    "medianResTime" : 111.5,
    "minResTime" : 3.0,
    "maxResTime" : 71949.0,
    "pct1ResTime" : 28908.89999999999,
    "pct2ResTime" : 51951.550000000025,
    "pct3ResTime" : 71949.0,
    "throughput" : 0.9475465313028765,
    "receivedKBytesPerSec" : 17.92332910321489,
    "sentKBytesPerSec" : 0.2337140439932318
  },
  "User History Log" : {
    "transaction" : "User History Log",
    "sampleCount" : 10,
    "errorCount" : 1,
    "errorPct" : 10.0,
    "meanResTime" : 314.8,
    "medianResTime" : 283.5,
    "minResTime" : 200.0,
    "maxResTime" : 443.0,
    "pct1ResTime" : 442.4,
    "pct2ResTime" : 443.0,
    "pct3ResTime" : 443.0,
    "throughput" : 8.403361344537815,
    "receivedKBytesPerSec" : 2.2132681197478994,
    "sentKBytesPerSec" : 2.8394170168067228
  },
  "User Registration - SSO" : {
    "transaction" : "User Registration - SSO",
    "sampleCount" : 10,
    "errorCount" : 0,
    "errorPct" : 0.0,
    "meanResTime" : 18.0,
    "medianResTime" : 11.5,
    "minResTime" : 7.0,
    "maxResTime" : 46.0,
    "pct1ResTime" : 44.800000000000004,
    "pct2ResTime" : 46.0,
    "pct3ResTime" : 46.0,
    "throughput" : 12.224938875305625,
    "receivedKBytesPerSec" : 2.2205455378973107,
    "sentKBytesPerSec" : 2.8771584657701714
  },
  "User Registration - Local" : {
    "transaction" : "User Registration - Local",
    "sampleCount" : 10,
    "errorCount" : 0,
    "errorPct" : 0.0,
    "meanResTime" : 6.0,
    "medianResTime" : 5.0,
    "minResTime" : 3.0,
    "maxResTime" : 15.0,
    "pct1ResTime" : 14.300000000000002,
    "pct2ResTime" : 15.0,
    "pct3ResTime" : 15.0,
    "throughput" : 12.936610608020699,
    "receivedKBytesPerSec" : 2.968851067270375,
    "sentKBytesPerSec" : 3.512087645536869
  },
  "User Session Log" : {
    "transaction" : "User Session Log",
    "sampleCount" : 10,
    "errorCount" : 2,
    "errorPct" : 20.0,
    "meanResTime" : 466.6,
    "medianResTime" : 480.0,
    "minResTime" : 354.0,
    "maxResTime" : 577.0,
    "pct1ResTime" : 576.5,
    "pct2ResTime" : 577.0,
    "pct3ResTime" : 577.0,
    "throughput" : 6.618133686300464,
    "receivedKBytesPerSec" : 1.3249193414956983,
    "sentKBytesPerSec" : 1.654533421575116
  },
  "User Authentication" : {
    "transaction" : "User Authentication",
    "sampleCount" : 10,
    "errorCount" : 0,
    "errorPct" : 0.0,
    "meanResTime" : 115.4,
    "medianResTime" : 111.5,
    "minResTime" : 99.0,
    "maxResTime" : 135.0,
    "pct1ResTime" : 134.8,
    "pct2ResTime" : 135.0,
    "pct3ResTime" : 135.0,
    "throughput" : 8.620689655172413,
    "receivedKBytesPerSec" : 1.8605199353448276,
    "sentKBytesPerSec" : 2.172009698275862
  }
}