{
  "weather-1" : {
    "transaction" : "weather-1",
    "sampleCount" : 2024,
    "errorCount" : 1,
    "errorPct" : 0.049407113,
    "meanResTime" : 8492.06175889329,
    "medianResTime" : 8607.0,
    "minResTime" : 1711.0,
    "maxResTime" : 79447.0,
    "pct1ResTime" : 10324.0,
    "pct2ResTime" : 10708.75,
    "pct3ResTime" : 11630.0,
    "throughput" : 14.739939117642775,
    "receivedKBytesPerSec" : 6.5679755887964815,
    "sentKBytesPerSec" : 2.47584914866656
  },
  "Total" : {
    "transaction" : "Total",
    "sampleCount" : 7048,
    "errorCount" : 978,
    "errorPct" : 13.876277,
    "meanResTime" : 14769.803064699187,
    "medianResTime" : 10601.5,
    "minResTime" : 9.0,
    "maxResTime" : 100121.0,
    "pct1ResTime" : 25910.0,
    "pct2ResTime" : 30047.099999999955,
    "pct3ResTime" : 41419.65,
    "throughput" : 51.30556950783633,
    "receivedKBytesPerSec" : 39.456749085973954,
    "sentKBytesPerSec" : 9.870366629541468
  },
  "weather" : {
    "transaction" : "weather",
    "sampleCount" : 3000,
    "errorCount" : 977,
    "errorPct" : 32.566666,
    "meanResTime" : 21169.924666666695,
    "medianResTime" : 20987.5,
    "minResTime" : 9.0,
    "maxResTime" : 100121.0,
    "pct1ResTime" : 29604.4,
    "pct2ResTime" : 35489.649999999994,
    "pct3ResTime" : 47617.51999999997,
    "throughput" : 21.838352514686292,
    "receivedKBytesPerSec" : 28.575107497015427,
    "sentKBytesPerSec" : 4.935183314770734
  },
  "weather-0" : {
    "transaction" : "weather-0",
    "sampleCount" : 2024,
    "errorCount" : 0,
    "errorPct" : 0.0,
    "meanResTime" : 11561.198122529648,
    "medianResTime" : 9776.5,
    "minResTime" : 9.0,
    "maxResTime" : 80615.0,
    "pct1ResTime" : 24352.0,
    "pct2ResTime" : 28047.75,
    "pct3ResTime" : 40263.25,
    "throughput" : 15.759557735731528,
    "receivedKBytesPerSec" : 4.617057930390096,
    "sentKBytesPerSec" : 2.6317230203223545
  }
}