{
  "User History [Get]" : {
    "transaction" : "User History [Get]",
    "sampleCount" : 5000,
    "errorCount" : 0,
    "errorPct" : 0.0,
    "meanResTime" : 7266.825599999994,
    "medianResTime" : 6966.5,
    "minResTime" : 19.0,
    "maxResTime" : 21474.0,
    "pct1ResTime" : 10333.0,
    "pct2ResTime" : 11498.8,
    "pct3ResTime" : 14590.909999999998,
    "throughput" : 11.847414775621813,
    "receivedKBytesPerSec" : 857.6797830382932,
    "sentKBytesPerSec" : 1.9668559686090898
  },
  "Total" : {
    "transaction" : "Total",
    "sampleCount" : 30000,
    "errorCount" : 4447,
    "errorPct" : 14.823334,
    "meanResTime" : 6879.599500000028,
    "medianResTime" : 6810.0,
    "minResTime" : 4.0,
    "maxResTime" : 25965.0,
    "pct1ResTime" : 10442.800000000003,
    "pct2ResTime" : 11453.95,
    "pct3ResTime" : 14733.970000000005,
    "throughput" : 70.84477673268613,
    "receivedKBytesPerSec" : 868.1586684266674,
    "sentKBytesPerSec" : 17.86109361310723
  },
  "User History Log" : {
    "transaction" : "User History Log",
    "sampleCount" : 5000,
    "errorCount" : 2121,
    "errorPct" : 42.42,
    "meanResTime" : 7153.892600000003,
    "medianResTime" : 6875.5,
    "minResTime" : 289.0,
    "maxResTime" : 25965.0,
    "pct1ResTime" : 10568.200000000004,
    "pct2ResTime" : 11771.599999999999,
    "pct3ResTime" : 15053.809999999996,
    "throughput" : 11.856938917793471,
    "receivedKBytesPerSec" : 3.4353025757421256,
    "sentKBytesPerSec" : 4.006348501520059
  },
  "User Registration - SSO" : {
    "transaction" : "User Registration - SSO",
    "sampleCount" : 5000,
    "errorCount" : 0,
    "errorPct" : 0.0,
    "meanResTime" : 6101.63100000001,
    "medianResTime" : 6134.0,
    "minResTime" : 256.0,
    "maxResTime" : 22179.0,
    "pct1ResTime" : 9416.7,
    "pct2ResTime" : 10472.8,
    "pct3ResTime" : 13306.839999999997,
    "throughput" : 11.966216976232701,
    "receivedKBytesPerSec" : 2.1735511304485176,
    "sentKBytesPerSec" : 2.816267862570391
  },
  "User Registration - Local" : {
    "transaction" : "User Registration - Local",
    "sampleCount" : 5000,
    "errorCount" : 0,
    "errorPct" : 0.0,
    "meanResTime" : 6121.992600000003,
    "medianResTime" : 6044.5,
    "minResTime" : 4.0,
    "maxResTime" : 22343.0,
    "pct1ResTime" : 9546.0,
    "pct2ResTime" : 10614.0,
    "pct3ResTime" : 13869.96,
    "throughput" : 11.907313471934463,
    "receivedKBytesPerSec" : 2.732472620621085,
    "sentKBytesPerSec" : 3.2326495558572073
  },
  "User Session Log" : {
    "transaction" : "User Session Log",
    "sampleCount" : 5000,
    "errorCount" : 2326,
    "errorPct" : 46.52,
    "meanResTime" : 7744.112000000021,
    "medianResTime" : 7454.5,
    "minResTime" : 435.0,
    "maxResTime" : 22348.0,
    "pct1ResTime" : 10751.0,
    "pct2ResTime" : 11703.8,
    "pct3ResTime" : 14495.619999999992,
    "throughput" : 11.86188964646824,
    "receivedKBytesPerSec" : 2.559017349199797,
    "sentKBytesPerSec" : 2.9654724116170605
  },
  "User Authentication" : {
    "transaction" : "User Authentication",
    "sampleCount" : 5000,
    "errorCount" : 0,
    "errorPct" : 0.0,
    "meanResTime" : 6889.143200000017,
    "medianResTime" : 6757.5,
    "minResTime" : 90.0,
    "maxResTime" : 22999.0,
    "pct1ResTime" : 9881.900000000001,
    "pct2ResTime" : 10766.9,
    "pct3ResTime" : 13746.839999999975,
    "throughput" : 11.962609667224124,
    "receivedKBytesPerSec" : 2.5821339695647287,
    "sentKBytesPerSec" : 3.0140168888123284
  }
}