{
  "User History [Get]" : {
    "transaction" : "User History [Get]",
    "sampleCount" : 100,
    "errorCount" : 0,
    "errorPct" : 0.0,
    "meanResTime" : 852.0500000000002,
    "medianResTime" : 855.5,
    "minResTime" : 64.0,
    "maxResTime" : 2145.0,
    "pct1ResTime" : 1341.2,
    "pct2ResTime" : 1604.9499999999987,
    "pct3ResTime" : 2139.8799999999974,
    "throughput" : 17.50393838613688,
    "receivedKBytesPerSec" : 2292.645166451514,
    "sentKBytesPerSec" : 2.9059272711360054
  },
  "Data Retrieval" : {
    "transaction" : "Data Retrieval",
    "sampleCount" : 100,
    "errorCount" : 0,
    "errorPct" : 0.0,
    "meanResTime" : 370035.9299999998,
    "medianResTime" : 373124.5,
    "minResTime" : 8899.0,
    "maxResTime" : 727767.0,
    "pct1ResTime" : 657983.7000000001,
    "pct2ResTime" : 695726.95,
    "pct3ResTime" : 727688.7799999999,
    "throughput" : 0.13666299043222405,
    "receivedKBytesPerSec" : 0.030295409011830917,
    "sentKBytesPerSec" : 0.029227729399079166
  },
  "Total" : {
    "transaction" : "Total",
    "sampleCount" : 700,
    "errorCount" : 100,
    "errorPct" : 14.285714,
    "meanResTime" : 53559.460000000014,
    "medianResTime" : 944.0,
    "minResTime" : 11.0,
    "maxResTime" : 727767.0,
    "pct1ResTime" : 231149.19999999984,
    "pct2ResTime" : 483060.9999999996,
    "pct3ResTime" : 681131.39,
    "throughput" : 0.9531564456523811,
    "receivedKBytesPerSec" : 18.193530565514525,
    "sentKBytesPerSec" : 0.2350977393852413
  },
  "User History Log" : {
    "transaction" : "User History Log",
    "sampleCount" : 100,
    "errorCount" : 54,
    "errorPct" : 54.0,
    "meanResTime" : 1087.5199999999998,
    "medianResTime" : 1106.5,
    "minResTime" : 185.0,
    "maxResTime" : 2345.0,
    "pct1ResTime" : 1751.0,
    "pct2ResTime" : 1777.85,
    "pct3ResTime" : 2342.0799999999986,
    "throughput" : 23.261223540358223,
    "receivedKBytesPerSec" : 36.53806662886718,
    "sentKBytesPerSec" : 7.859749360316352
  },
  "User Registration - SSO" : {
    "transaction" : "User Registration - SSO",
    "sampleCount" : 100,
    "errorCount" : 0,
    "errorPct" : 0.0,
    "meanResTime" : 334.52000000000004,
    "medianResTime" : 279.0,
    "minResTime" : 14.0,
    "maxResTime" : 1205.0,
    "pct1ResTime" : 706.6000000000001,
    "pct2ResTime" : 983.4999999999999,
    "pct3ResTime" : 1203.8299999999995,
    "throughput" : 48.732943469785575,
    "receivedKBytesPerSec" : 8.851882309941521,
    "sentKBytesPerSec" : 11.469374390838206
  },
  "User Registration - Local" : {
    "transaction" : "User Registration - Local",
    "sampleCount" : 100,
    "errorCount" : 0,
    "errorPct" : 0.0,
    "meanResTime" : 618.5500000000002,
    "medianResTime" : 350.0,
    "minResTime" : 11.0,
    "maxResTime" : 2303.0,
    "pct1ResTime" : 1553.6000000000001,
    "pct2ResTime" : 1741.1499999999999,
    "pct3ResTime" : 2301.9799999999996,
    "throughput" : 27.04164413196322,
    "receivedKBytesPerSec" : 6.205846065440779,
    "sentKBytesPerSec" : 7.341383856138453
  },
  "User Session Log" : {
    "transaction" : "User Session Log",
    "sampleCount" : 100,
    "errorCount" : 46,
    "errorPct" : 46.0,
    "meanResTime" : 1052.5200000000002,
    "medianResTime" : 999.0,
    "minResTime" : 202.0,
    "maxResTime" : 1751.0,
    "pct1ResTime" : 1626.0000000000005,
    "pct2ResTime" : 1696.9999999999998,
    "pct3ResTime" : 1750.6399999999999,
    "throughput" : 17.167381974248926,
    "receivedKBytesPerSec" : 3.6983637339055795,
    "sentKBytesPerSec" : 4.291845493562231
  },
  "User Authentication" : {
    "transaction" : "User Authentication",
    "sampleCount" : 100,
    "errorCount" : 0,
    "errorPct" : 0.0,
    "meanResTime" : 935.1299999999998,
    "medianResTime" : 986.0,
    "minResTime" : 99.0,
    "maxResTime" : 1825.0,
    "pct1ResTime" : 1366.9,
    "pct2ResTime" : 1552.3999999999996,
    "pct3ResTime" : 1824.5599999999997,
    "throughput" : 18.59427296392711,
    "receivedKBytesPerSec" : 4.01302180178505,
    "sentKBytesPerSec" : 4.684885180364447
  }
}